Hadoop 第2版,978-4-87311-503-0,オライリー・ジャパン,オライリー,1,F.O.X,,
Hadoop 第2版,978-4-87311-503-0,オライリー・ジャパン,オライリー,1,F.O.X,,
リーダブルコード,978-4-87311-565-8,オライリー・ジャパン,オライリー,1,F.O.X,,
インターフェースデザインの実践教室,978-4-87311-608-2,オライリー・ジャパン,オライリー,1,F.O.X,,
プログラミングHive,978-4-87311-617-4,オライリー・ジャパン,オライリー,1,F.O.X,,
Jenkins,978-4-87311-534-4,オライリー・ジャパン,オライリー,1,F.O.X,,
実用Git,978-4-87311-440-8,オライリー・ジャパン,オライリー,1,F.O.X,,
入門PHPセキュリティ,978-4-87311-286-9,オライリー・ジャパン,オライリー,1,F.O.X,,
Hadoopオペレーション,978-4-87311-652-5,オライリー・ジャパン,オライリー,1,F.O.X,,
Hadoop HACKS,978-4-87311-546-7,オライリー・ジャパン,オライリー,1,F.O.X,,
HBase,978-4-87311-566-5,オライリー・ジャパン,オライリー,1,F.O.X,,
デザイニング・・インターフェース,978-4-87311-316-6,オライリー・ジャパン,オライリー,1,F.O.X,,
実践ハイパフォーマンスMySQL,978-4-87311-638-9,オライリー・ジャパン,オライリー,1,F.O.X,,
jQuery Mobile,978-4-87311-526-9,オライリー・ジャパン,オライリー,1,F.O.X,,
Androidアプリケーションテスト,978-4-87311-578-8,オライリー・ジャパン,オライリー,1,F.O.X,,
Javaによる関数型プログラミング,978-4-87311-704-1,オライリー・ジャパン,オライリー,1,F.O.X,,
JavaScriptで学ぶ関数型プログラミング,978-4-87311-660-0,オライリー・ジャパン,オライリー,1,F.O.X,,
メンテナブルJavaScript,978-4-87311-610-5,オライリー・ジャパン,オライリー,1,F.O.X,,
インタラクティブ・データビジュアライゼーション,978-4-87311-646-4,オライリー・ジャパン,オライリー,1,F.O.X,,
AngularJS アプリケーション開発ガイド,978-4-87311-667-9,オライリー・ジャパン,オライリー,1,F.O.X,,
詳説 正規表現,978-4-87311-359-3,オライリー・ジャパン,オライリー,1,F.O.X,,
Google BigQuery,978-4-87311-716-4,オライリー・ジャパン,オライリー,1,F.O.X,,
グラフデータベース,978-4-87311-714-0,オライリー・ジャパン,オライリー,1,F.O.X,,
LEAN ANALYTICS スタートアップのためのデータ解析と活用法,978-4-87311-711-9,オライリー・ジャパン,オライリー,1,F.O.X,,
コンピュータシステムの理論と実装,978-4-87311-712-6,オライリー・ジャパン,オライリー,1,F.O.X,,
Serverspec,978-4-87311-709-6,オライリー・ジャパン,オライリー,1,F.O.X,,
ZooKeeper,978-1-449-36130-3,O'REILLY,オライリー,1,F.O.X,,
Redis Cookbook,978-1-449-30504-8,O'REILLY,オライリー,1,F.O.X,,
実践 機械学習システム,978-4-87311-698-3,O'REILLY,オライリー,1,F.O.X,,
Team GEEK Googleのギークたちはいかにしてチームを作るか,978-4-87311-630-3,O'REILLY,オライリー,1,F.O.X,,
RSutudioではじめる Rプログラミング入門,978-4-87311-715-7,O'REILLY,オライリー,1,F.O.X,,
Being Geek,978-4-87311-499-6,O'REILLY,オライリー,1,F.O.X,,
MySQL5.0,978-0-672-32812-1,MySQL Press,DBMS,2,F.O.X,,
NOSQLの基礎知識,978-4-89797-887-1,リックテレコム,DBMS,2,F.O.X,,
NOSQLの基礎知識,978-4-89797-887-1,リックテレコム,DBMS,2,F.O.X,,
Cassandra実用システムインテグレーション,978-4-7981-2843-6,翔泳社,DBMS,2,F.O.X,,
Cassandra実用システムインテグレーション,978-4-7981-2843-6,翔泳社,DBMS,2,F.O.X,,
HadoopMapReduce,978-4-7981-2806-1,翔泳社,HADOOP,3,F.O.X,,
Hadoop徹底入門 第2版,978-4-7981-2964-8,翔泳社,HADOOP,3,F.O.X,,
Hadoop徹底入門,978-4-7981-2233-5,翔泳社,HADOOP,3,F.O.X,,
HBase 徹底入門,978-4-7981-3882-4,翔泳社,HADOOP,3,F.O.X,,
Amazon Web Services クラウドデザインパターン設計ガイド,978-4-8222-1196-7,日経BP社,AWS,4,F.O.X,,
Amazon Elastic MapReduceテクニカルガイド,978-4-8443-3149-0,インプレスジャパン,AWS,4,F.O.X,,
iosデバッグ&最適化技法,978-4-7980-2805-7,秀和システム,iOS,5,F.O.X,,
Objective-C 入門ノート,978-4800710086,ソーテック社,iOS,5,F.O.X,,
詳解Objective-C 2.0 第3版,978-4-7973-6827-7,SoftBank Creative,iOS,5,F.O.X,,
よくわかるiPhoneアプリ開発の教科書,978-4-8399-3514-6,毎日コミュニケーションズ,iOS,5,F.O.X,,
詳解Swift,978-4-7973-8049-1,SoftBank Creative,iOS,5,OPENREC,,
はじめてのAndroidアプリ開発,978-4-7980-3585-7,秀和システム,Android,6,F.O.X,,
Effective Android,978-4-8443-3534-4,インプレスジャパン,Android,6,OPENREC,,
AndroidSDK逆引きハンドブック,978-4-86354-104-7,C&R研究所,Android,6,F.O.X,,
Unityで作るiPhone/Androidアプリ入門,978-4-8399-3900-7,マイナビ,iPhone/Android,7,F.O.X,,
Unity4入門,978-4-7973-7490-2,SoftBank Creative,iPhone/Android,7,F.O.X,,
ゲームの作り方 Unityで覚える遊びのアルゴリズム,978-4-7973-7008-9,SoftBank Creative,iPhone/Android,7,F.O.X,,
Unityで作るスマートフォン3Dゲーム開発講座,978-4-7981-2619-7,翔泳社,iPhone/Android,7,F.O.X,,
iPhone/Android 「通知機能」プログラミング徹底ガイド,978-4-8399-4936-5,マイナビ,iPhone/Android,7,F.O.X,,
Cocos2d-xスマートフォン2Dゲーム開発講座,978-4-7981-3605-9,翔泳社,iPhone/Android,7,OPENREC,,
Corona SDKで作るiPhone/Androidアプリプログラミング,978-4-8399-4886-3,マイナビ,iPhone/Android,7,OPENREC,,
マルチプラットフォームのためのOpenGL ES入門,978-4-8778-3301-5,カットシステム,iPhone/Android,7,OPENREC,,
Smartphone Ads,978-4-7973-6716-4,SoftBank Creative,iPhone/Android,7,F.O.X,,
JavaプログラマGold,978-4-7981-3337-9,翔泳社,Java,8,F.O.X,,
JavaプログラマSilver,978-4-7981-2862-7,翔泳社,Java,8,F.O.X,,
JavaプログラマSilver,978-4-7981-2862-7,翔泳社,Java,8,F.O.X,,
Effective Java,978-4-89471-499-1,ピアソン・エデュケーション,Java,8,F.O.X,,
Java言語プログラミングレッスン上,978-4-7973-7125-3,SoftBank Creative,Java,8,F.O.X,,
Java言語プログラミングレッスン下,978-4-7973-7125-3,SoftBank Creative,Java,8,F.O.X,,
徹底攻略Oracle認定Javaプログラマ教科書,978-4-8443-3080-6,インプレスジャパン,Java,8,F.O.X,,
Java言語で学ぶデザインパターン入門,978-4-7973-2703-8,Softbank Creative,Java,8,F.O.X,,
Java言語で学ぶデザインパターン入門【マルチスレッド編】,978-4-7973-3162-2,Softbank Creative,Java,8,F.O.X,,
Java SE8 実践プログラミング,978-4-8443-3667-9,インプレスジャパン,Java,8,F.O.X,,
Apache Tomcat 7,978-1-4302-3723-5,apress,Java,8,F.O.X,,
Apahe Maven 3クックブック,978-4-04-886324-7,アスキー・メディアワークス,Java,8,F.O.X,,
Spring3入門,978-4-7741-5380-3,技術評論社,Java,8,F.O.X,,
Scalaプログラミング入門,978-4-8222-8423-7,日経BP社,Scala,9,F.O.X,,
Scalaスケーラブルプログラミング,978-4-8443-3084-4,インプレスジャパン,Scala,9,F.O.X,,
Scalaスケーラブルプログラミング,978-4-8443-3084-4,インプレスジャパン,Scala,9,F.O.X,,
Scala 逆引きレシピ,978-4-7981-2541-1,翔泳社,Scala,9,F.O.X,,
Play for Scala,978-1617290794,MANNING,Scala,9,F.O.X,,
プログラミング言語C,4-320-02692-6,共立出版,C/C++,10,F.O.X,,
Cプログラミング言語アンサー・ブック,4-320-02748-5,共立出版,C/C++,10,F.O.X,,
やさしいC++,978-4-7973-7099-7,SoftBank Creative,C/C++,10,F.O.X,,
PHP公式資格教科書,978-4-7741-4889-2,技術評論社,PHP,11,F.O.X,,
CodeIgniter徹底入門,978-4-7981-1676-1,翔泳社,PHP,11,OPENREC,,
CodeIgniter2 CookBook,978-1-78216-230-8,Packt Publishing,PHP,11,OPENREC,,
パーフェクトJavaScript,978-4-7741-4813-7,技術評論社,JS/AS,12,F.O.X,,
プロからやさしく学ぶActionScript3.0,978-4-8443-2815-5,インプレスジャパン,JS/AS,12,F.O.X,,
D3.js徹底入門,978-4-7973-6886-4,SBクリエイティブ,JS/AS,12,F.O.X,,
HTMLワークブック,978-4-87783-816-4,カットシステム,JS/AS,12,F.O.X,,
アジャイルサムライ,978-4-274-06856-0,オーム社,アジャイル/デザインパターン,13,F.O.X,,
Clean Code,978-4-04-867688-5,アスキー・メディアワークス,アジャイル/デザインパターン,13,F.O.X,,
デザインルール,4-492-52145-3,東洋経済新報社,アジャイル/デザインパターン,13,F.O.X,,
コーディングの掟 ー最強作法ー,978-4-7981-1812-3,翔泳社,アジャイル/デザインパターン,13,F.O.X,,
ネーミングの掟と極意,978-4-7981-1433-0,翔泳社,アジャイル/デザインパターン,13,F.O.X,,
コーディングを支える技術,978-4-7741-5654-5,技術評論社,アジャイル/デザインパターン,13,F.O.X,,
inn Research & Design Method Index,978-4-86100-821-4,BNN新社,デザイン/UI,14,F.O.X,,
inn Design Rule Index,978-4-86100-719-4,BNN新社,デザイン/UI,14,F.O.X,,
ネタ帳デラックス Flashテクニック,978-4-8443-6005-6,インプレスコミュニケーションズ,デザイン/UI,14,F.O.X,,
DTP&Web画像データ事典,978-4-8443-5737-9,インプレスコミュニケーションズ,デザイン/UI,14,F.O.X,,
jUnit実践入門,978-4-7741-5377-3,技術評論社,テスト/CI/DI,15,F.O.X,,
jUnit実践入門,978-4-7741-5377-3,技術評論社,テスト/CI/DI,15,F.O.X,,
システムテスト自動化 標準ガイド,978-4-7981-3921-0,翔泳社,テスト/CI/DI,15,F.O.X,,
Gradle徹底入門,978-4-7981-3643-1,翔泳社,テスト/CI/DI,15,F.O.X,,
Seasar2 徹底入門,978-4-7981-2150-5,翔泳社,テスト/CI/DI,15,F.O.X,,
ザ・アドテクノロジー,978-4-7981-3655-4,翔泳社,アドテクノロジー,16,F.O.X,,
アドテクノロジープロフェッショナル養成読本,978-4-7741-6429-8,技術評論社,アドテクノロジー,16,F.O.X,,
アドテクノロジープロフェッショナル養成読本,978-4-7741-6429-8,技術評論社,アドテクノロジー,16,F.O.X,,
やさしくわかるBABOK,978-4-7980-3011-1,秀和システム,マネジメント,17,F.O.X,,
よくわかるPMBOK,978-4-7980-3924-4,秀和システム,マネジメント,17,F.O.X,,
How Google Works 私たちの働き方とマネジメント,978-4532319557,日本経済新聞出版社,マネジメント,17,F.O.X,,
ピープルウェア,978-4-8222-8524-1,日経BP社,マネジメント,17,F.O.X,,
書いて生きていくプロ文章論,978-4-903908-23-6,ミシマ社,ビジネス,30,F.O.X,,
伝わる！文章力が身につく本,978-4-471-19116-0,高橋書店,ビジネス,30,F.O.X,,
シンプルに書く！,978-4-86410-190-5,飛鳥新社,ビジネス,30,F.O.X,,
2015年度版 広告,978-4-7825-3371-0,産学社,ビジネス,30,F.O.X,,
ビッグデータ ビジネスの時代,978-4-7981-2530-5,翔泳社,ビジネス,30,F.O.X,,
SEのための評価させる技術,978-4-7612-6923-4,かんき出版,ビジネス,30,F.O.X,,
エンジニアのための図解思考 再入門講座,978-4-7981-2275-5,翔泳社,ビジネス,30,F.O.X,,
WEB+DBPRESS vol68,978-4-7741-5031-4,技術評論社,WEB+DBPRESS,20,F.O.X,,
WEB+DBPRESS vol72,978-4-7741-5395-7,技術評論社,WEB+DBPRESS,20,F.O.X,,
WEB+DBPRESS vol73,978-4-7741-5507-4,技術評論社,WEB+DBPRESS,20,F.O.X,,
WEB+DBPRESS vol74,978-4-7741-5607-1,技術評論社,WEB+DBPRESS,20,F.O.X,,
WEB+DBPRESS vol78,978-4-7741-6120-4,技術評論社,WEB+DBPRESS,20,F.O.X,,
WEB+DBPRESS vol81,978-4-7741-6506-6,技術評論社,WEB+DBPRESS,20,F.O.X,,
WEB+DBPRESS vol82,978-4-7741-6627-8,技術評論社,WEB+DBPRESS,20,F.O.X,,
WEB+DBPRESS vol83,978-4-7741-6735-0,技術評論社,WEB+DBPRESS,20,F.O.X,,
WEB+DBPRESS vol83,978-4-7741-6955-2,技術評論社,WEB+DBPRESS,20,F.O.X,,
WEB+DBPRESS vol84,978-4-7741-6795-0,技術評論社,WEB+DBPRESS,20,F.O.X,,
WEB+DBPRESS vol85,978-4-7741-7141-8,技術評論社,WEB+DBPRESS,20,F.O.X,,
WEB+DBPRESS vol85,978-4-7741-7248-4,技術評論社,WEB+DBPRESS,20,F.O.X,,
WEB+DBPRESS vol87,978-4-7741-7370-2,技術評論社,WEB+DBPRESS,20,F.O.X,,
WEB+DBPRESS vol87,978-4-7741-7370-2,技術評論社,WEB+DBPRESS,20,F.O.X,,
WEB+DBPRESS総集編(Vol1〜Vol72),978-4-7741-5783-2,技術評論社,WEB+DBPRESS,20,F.O.X,,
ITシステム開発徹底攻略,978-4-7741-5615-6,技術評論社,WEB+DBPRESS,20,F.O.X,,
サーバ/インフラ徹底攻略,978-4-7741-6768-8,技術評論社,WEB+DBPRESS,20,F.O.X,,
フロントエンドエンジニア養成読本,978-4-7741-6578-3,技術評論社,SoftwareDesign Plus,50,F.O.X,,
サーバ/インフラエンジニア養成読本,978-4-7741-6983-5,技術評論社,SoftwareDesign Plus,50,F.O.X,,
インフラエンジニア教本,978-4-7741-7034-3,技術評論社,SoftwareDesign 別冊,50,F.O.X,,
Software Design 2012.10,,技術評論社,SoftwareDesign,50,F.O.X,,
Software Design 2014.11,,技術評論社,SoftwareDesign,50,F.O.X,,
Software Design 2014.12,,技術評論社,SoftwareDesign,50,F.O.X,,
Software Design 2015.1,,技術評論社,SoftwareDesign,50,F.O.X,,
Software Design 2015.2,,技術評論社,SoftwareDesign,50,F.O.X,,
Software Design 2015.3,,技術評論社,SoftwareDesign,50,F.O.X,,
Software Design 2015.4,,技術評論社,SoftwareDesign,50,F.O.X,,
Software Design 2015.5,,技術評論社,SoftwareDesign,50,F.O.X,,
Software Design 2015.6,,技術評論社,SoftwareDesign,50,F.O.X,,
Software Design 2015.7,,技術評論社,SoftwareDesign,50,F.O.X,,
人工知能2014年05月号,,人工知能学会,人工知能学会誌,51,F.O.X,,
人工知能2014年07月号,,人工知能学会,人工知能学会誌,51,F.O.X,,
人工知能2014年09月号,,人工知能学会,人工知能学会誌,51,F.O.X,,
人工知能2014年11月号,,人工知能学会,人工知能学会誌,51,F.O.X,,
人工知能2015年01月号,,人工知能学会,人工知能学会誌,51,F.O.X,,
人工知能2015年03月号,,人工知能学会,人工知能学会誌,51,F.O.X,,
人工知能2015年05月号,,人工知能学会,人工知能学会誌,51,F.O.X,,
人工知能2015年07月号,,人工知能学会,人工知能学会誌,51,F.O.X,,
オンライン機械学習 (機械学習プロフェッショナルシリーズ),978-4061529038,講談社,機械学習,52,F.O.X,,
深層学習 (機械学習プロフェッショナルシリーズ),978-4061529021,講談社,機械学習,52,F.O.X,,
機械学習のための確率と統計 (機械学習プロフェッショナルシリーズ),978-4061529014,講談社,機械学習,52,F.O.X,,
トピックモデル  (機械学習プロフェッショナルシリーズ),978-4061529045,講談社,機械学習,52,F.O.X,,
Nagios統合監視［実践］リファレンス,978-4-7741-4582-2,技術評論社,その他,0,F.O.X,,
GitHub実践入門,978-4-7741-6366-6,技術評論社,その他,0,F.O.X,,
チーム開発実践入門,978-4-7741-6428-1,技術評論社,その他,0,F.O.X,,
徹底攻略LPI問題集 Level1/release3,978-4-8443-2794-3,インプレスジャパン,その他,0,F.O.X,,
基本情報技術者 過去問題集,978-4-7741-5446-6,技術評論社,その他,0,F.O.X,,
データサイエンティスト養成読本,978-4-7741-5896-9,技術評論社,その他,0,F.O.X,,
統計学入門,978-4-13-042065-5,東京大学出版会,その他,0,F.O.X,,
ネットワークはなぜつながるか,4-8222-8151-5,日経BP社,その他,0,F.O.X,,
関数プログラミング実践入門,978-4-7741-6926-2,技術評論社,その他,0,F.O.X,,
よくわかる最新情報セキュリティの基本と仕組み,978-4-7980-2558-2,秀和システム,その他,0,F.O.X,,
エリック・エヴァンスのドメイン駆動設計,978-4-7981-2196-3,翔泳社,その他,0,F.O.X,,
入門Git,978-4-7980-2380-9,秀和システム,その他,0,F.O.X,,
過負荷に耐えるWebの作り方,978-4-7741-6205-8,技術評論社,その他,0,F.O.X,,
オンラインゲームを支える技術,978-4-7741-4580-8,技術評論社,その他,0,F.O.X,,
安全なWebアプリケーションの作り方,978-4-7973-6119-3,ソフトバンククリエイティブ,その他,0,F.O.X,,
楽しいR R統計分析入門,978-4-7981-3901-2,翔泳社,その他,0,F.O.X,,
改定新版 Apache Solr入門,978-4-7741-6163-1,技術評論社,その他,0,F.O.X,,
パケットキャプチャ実践技術,978-4-89797-796-6,リックテレコム,その他,0,F.O.X,,
パケットキャプチャ入門,978-4-89797-950-2,リックテレコム,その他,0,F.O.X,,
CentOS7,978-4-7980-4359-3,秀和システム,その他,0,F.O.X,,
Weebエンジニアの教科書,978-4-86354-168-9,C&R研究所,その他,0,F.O.X,,
実践ドメイン駆動設計,978-4-7981-3161-0,翔泳社,その他,0,F.O.X,,
Being Geek,978-4-87311-499-6,,その他,0,F.O.X,,